page_id,name,urlslug,ID,ALIGN,EYE,HAIR,SEX,GSM,ALIVE,APPEARANCES,FIRST APPEARANCE,Year
,,,,,,,,,,,,
51769,Akihiro (Earth-616),\/Akihiro_(Earth-616),Secret Identity,Bad Characters,Blue Eyes,Black Hair,Male Characters,Bisexual Characters,Living Characters,189,6-Oct,2006
,,,,,,,,,,,,
15901,Victor Borkowski (Earth-616),\/Victor_Borkowski_(Earth-616),Secret Identity,Good Characters,Brown Eyes,Black Hair,Male Characters,Homosexual Characters,Living Characters,184,3-Aug,2003
,,,,,,,,,,,,
6637,William Kaplan (Earth-616),\/William_Kaplan_(Earth-616),Secret Identity,Good Characters,Brown Eyes,Black Hair,Male Characters,Homosexual Characters,Living Characters,119,5-Apr,2005
,,,,,,,,,,,,
1465,Doop (Earth-616),\/Doop_(Earth-616),No Dual Identity,Good Characters,Variable Eyes,Black Hair,Male Characters,Bisexual Characters,Living Characters,113,1-Jul,2001
,,,,,,,,,,,,
2298,David Alleyne (Earth-616),\/David_Alleyne_(Earth-616),Secret Identity,Good Characters,Brown Eyes,Black Hair,Male Characters,Bisexual Characters,Living Characters,113,3-Oct,2003
,,,,,,,,,,,,
6636,Dorrek VIII (Earth-616),\/Dorrek_VIII_(Earth-616),Public Identity,Good Characters,Blue Eyes,Blond Hair,Male Characters,Homosexual Characters,Living Characters,103,5-Apr,2005
,,,,,,,,,,,,
195422,Victoria Hand (Earth-616),\/Victoria_Hand_(Earth-616),No Dual Identity,Neutral Characters,Hazel Eyes,Black Hair,Female Characters,Homosexual Characters,Deceased Characters,98,9-Feb,2009
,,,,,,,,,,,,
14482,Karolina Dean (Earth-616),\/Karolina_Dean_(Earth-616),Secret Identity,Good Characters,Blue Eyes,Blond Hair,Female Characters,Homosexual Characters,Living Characters,86,3-Jul,2003
,,,,,,,,,,,,
15933,Roxanne Washington (Earth-616),\/Roxanne_Washington_(Earth-616),Secret Identity,,,,Female Characters,Homosexual Characters,Living Characters,81,5-Aug,2005
,,,,,,,,,,,,
392311,Tong (Moloid) (Earth-616),\/Tong_(Moloid)_(Earth-616),Secret Identity,Good Characters,,No Hair,Female Characters,Transgender Characters,Living Characters,67,10-Mar,2010
,,,,,,,,,,,,
318208,Brandon Sharpe (Earth-616),\/Brandon_Sharpe_(Earth-616),Public Identity,Good Characters,Brown Eyes,Black Hair,Male Characters,Homosexual Characters,Living Characters,62,10-Aug,2010
,,,,,,,,,,,,
441087,Max Modell (Earth-616),\/Max_Modell_(Earth-616),Public Identity,Good Characters,Blue Eyes,Red Hair,Male Characters,Homosexual Characters,Living Characters,57,11-Jan,2011
,,,,,,,,,,,,
19283,Phyla-Vell (Earth-616),\/Phyla-Vell_(Earth-616),Public Identity,Good Characters,Blue Eyes,White Hair,Female Characters,Homosexual Characters,Deceased Characters,56,4-Jan,2004
,,,,,,,,,,,,
165982,Jonas Graymalkin (Earth-616),\/Jonas_Graymalkin_(Earth-616),No Dual Identity,Good Characters,White Eyes,No Hair,Male Characters,Homosexual Characters,Living Characters,48,8-Jun,2008
,,,,,,,,,,,,
2415,Myles Alfred (Earth-616),\/Myles_Alfred_(Earth-616),Secret Identity,Good Characters,Brown Eyes,Brown Hair,Male Characters,Homosexual Characters,Deceased Characters,46,1-Aug,2001
,,,,,,,,,,,,
2603,Miranda Leevald (Earth-616),\/Miranda_Leevald_(Earth-616),Public Identity,Neutral Characters,Green Eyes,Black Hair,Female Characters,Bisexual Characters,Living Characters,45,1-Dec,2001
,,,,,,,,,,,,
571723,Benjamin Deeds (Earth-616),\/Benjamin_Deeds_(Earth-616),No Dual Identity,Good Characters,Brown Eyes,Brown Hair,Male Characters,Homosexual Characters,Living Characters,40,13-Feb,2013
,,,,,,,,,,,,
2262,William Robert Reilly (Earth-616),\/William_Robert_Reilly_(Earth-616),Public Identity,,Blue Eyes,Blond Hair,Male Characters,Homosexual Characters,Deceased Characters,37,1-Aug,2001
,,,,,,,,,,,,
23853,Xavin (Earth-616),\/Xavin_(Earth-616),Secret Identity,Good Characters,Brown Eyes,Brown Hair,Genderfluid Characters,Genderfluid Characters,Living Characters,33,5-Oct,2005
,,,,,,,,,,,,
22800,Sinclair Abbott (Earth-616),\/Sinclair_Abbott_(Earth-616),Secret Identity,Bad Characters,Blue Eyes,Blond Hair,Male Characters,Bisexual Characters,Deceased Characters,26,6-Feb,2006
,,,,,,,,,,,,
514282,Timothy Cababa (Earth-616),\/Timothy_Cababa_(Earth-616),Secret Identity,Good Characters,Hazel Eyes,Black Hair,Male Characters,Homosexual Characters,Living Characters,23,10-Sep,2010
,,,,,,,,,,,,
571073,Cullen Bloodstone (Earth-616),\/Cullen_Bloodstone_(Earth-616),No Dual Identity,Neutral Characters,Green Eyes,Blond Hair,Male Characters,Homosexual Characters,Living Characters,23,13-Feb,2013
,,,,,,,,,,,,
339676,Kyle Jinadu (Earth-616),\/Kyle_Jinadu_(Earth-616),Public Identity,Good Characters,Brown Eyes,Black Hair,Male Characters,Homosexual Characters,Living Characters,21,9-Jun,2009
,,,,,,,,,,,,
351736,Janice Lincoln (Earth-616),\/Janice_Lincoln_(Earth-616),Secret Identity,Neutral Characters,Black Eyes,Black Hair,Female Characters,Bisexual Characters,Living Characters,18,10-Aug,2010
,,,,,,,,,,,,
532006,Wally Layton (Earth-616),\/Wally_Layton_(Earth-616),No Dual Identity,Good Characters,Grey Eyes,Brown Hair,Male Characters,Homosexual Characters,Living Characters,17,12-Mar,2012
,,,,,,,,,,,,
18707,Molly von Richthofen (Earth-616),\/Molly_von_Richthofen_(Earth-616),Public Identity,Good Characters,,Brown Hair,Female Characters,Homosexual Characters,Living Characters,15,Jul-00,2000
,,,,,,,,,,,,
98057,Rob (Earth-616),\/Rob_(Earth-616),,Neutral Characters,,Brown Hair,Male Characters,Homosexual Characters,Living Characters,15,6-Aug,2006
,,,,,,,,,,,,
532008,Donald Meland (Earth-616),\/Donald_Meland_(Earth-616),No Dual Identity,Good Characters,Hazel Eyes,Reddish Blond Hair,Male Characters,Homosexual Characters,Living Characters,15,12-Mar,2012
,,,,,,,,,,,,
93360,Alana Jobson (Earth-616),\/Alana_Jobson_(Earth-616),Secret Identity,Good Characters,Green Eyes,Brown Hair,Female Characters,Homosexual Characters,Deceased Characters,12,8-Feb,2008
,,,,,,,,,,,,
516101,Hector Baez (Earth-616),\/Hector_Baez_(Earth-616),No Dual Identity,Good Characters,Brown Eyes,Brown Hair,Male Characters,Homosexual Characters,Living Characters,12,12-Mar,2012
,,,,,,,,,,,,
591732,Annabelle Riggs (Earth-616),\/Annabelle_Riggs_(Earth-616),Public Identity,Good Characters,Blue Eyes,Brown Hair,Female Characters,Homosexual Characters,Living Characters,12,13-Apr,2013
,,,,,,,,,,,,
578698,Charlie Cluster-7 (Cluster) (Earth-616),\/Charlie_Cluster-7_(Cluster)_(Earth-616),Secret Identity,Good Characters,Blue Eyes,Black Hair,Female Characters,Bisexual Characters,Living Characters,11,13-Feb,2013
,,,,,,,,,,,,
29673,Curtis Doyle (Earth-616),\/Curtis_Doyle_(Earth-616),Public Identity,Good Characters,Black Eyes,Blond Hair,Male Characters,Homosexual Characters,Deceased Characters,10,6-Jul,2006
,,,,,,,,,,,,
68502,Mulholland Black (Earth-616),\/Mulholland_Black_(Earth-616),Public Identity,,Brown Eyes,Black Hair,Female Characters,Homosexual Characters,Deceased Characters,10,7-Sep,2007
,,,,,,,,,,,,
111901,Luna DePaula (Earth-616),\/Luna_DePaula_(Earth-616),Public Identity,Good Characters,Brown Eyes,Brown Hair,Female Characters,Homosexual Characters,Living Characters,8,4-Jan,2004
,,,,,,,,,,,,
121255,Christian Frost (Earth-616),\/Christian_Frost_(Earth-616),Secret Identity,Neutral Characters,Blue Eyes,Blond Hair,Male Characters,Homosexual Characters,Living Characters,7,3-Jun,2003
,,,,,,,,,,,,
490836,Marcus Roston (Earth-616),\/Marcus_Roston_(Earth-616),Secret Identity,Bad Characters,Green Eyes,Black Hair,Male Characters,Homosexual Characters,Living Characters,7,11-Aug,2011
,,,,,,,,,,,,
34301,Sugar Kane (Earth-616),\/Sugar_Kane_(Earth-616),Public Identity,Good Characters,,Blond Hair,Female Characters,Bisexual Characters,Living Characters,6,1-Aug,2001
,,,,,,,,,,,,
469993,Frank Cortez (Earth-616),\/Frank_Cortez_(Earth-616),Secret Identity,Good Characters,,Red Hair,Male Characters,Homosexual Characters,Deceased Characters,5,11-Aug,2011
,,,,,,,,,,,,
278334,Catastrophe Jen (Earth-616),\/Catastrophe_Jen_(Earth-616),Public Identity,Bad Characters,Brown Eyes,Brown Hair,Female Characters,Homosexual Characters,Living Characters,4,3-May,2003
,,,,,,,,,,,,
438186,Rococo (Earth-616),\/Rococo_(Earth-616),Secret Identity,Bad Characters,Brown Eyes,Black Hair,Female Characters,Homosexual Characters,Living Characters,4,11-May,2011
,,,,,,,,,,,,
1217,Mickey Tork (Earth-616),\/Mickey_Tork_(Earth-616),Public Identity,Good Characters,White Eyes,Variable Hair,Male Characters,Homosexual Characters,Deceased Characters,3,1-Aug,2001
,,,,,,,,,,,,
482061,Dante Ortega (Earth-616),\/Dante_Ortega_(Earth-616),,Neutral Characters,Brown Eyes,Black Hair,Male Characters,Homosexual Characters,Living Characters,2,3-Dec,2003
,,,,,,,,,,,,
279963,Ned Campbell (Earth-616),\/Ned_Campbell_(Earth-616),Public Identity,,,,Male Characters,Homosexual Characters,Deceased Characters,2,5-Jan,2005
,,,,,,,,,,,,
556371,Arthur Swift (Earth-616),\/Arthur_Swift_(Earth-616),,Neutral Characters,,Brown Hair,Male Characters,Homosexual Characters,Deceased Characters,1,1-Nov,2001
,,,,,,,,,,,,
106522,Renata Da Lima (Earth-616),\/Renata_Da_Lima_(Earth-616),Public Identity,Good Characters,Brown Eyes,Brown Hair,Female Characters,Homosexual Characters,Living Characters,1,2-Jul,2002
,,,,,,,,,,,,
16521,Jumbo Carnation (Earth-616),\/Jumbo_Carnation_(Earth-616),Public Identity,Neutral Characters,,Bald,Male Characters,Homosexual Characters,Deceased Characters,1,3-Jan,2003
,,,,,,,,,,,,
88486,Jazinda Kl'rt-Spawn (Earth-616),\/Jazinda_Kl%27rt-Spawn_(Earth-616),Secret Identity,Good Characters,Green Eyes,Black Hair,Female Characters,Homosexual Characters,Living Characters,,7-Dec,2007
,,,,,,,,,,,,
692153,Aimee (Clint Barton's neighbor) (Earth-616),\/Aimee_(Clint_Barton%27s_neighbor)_(Earth-616),No Dual Identity,Good Characters,Black Eyes,Pink Hair,Female Characters,Homosexual Characters,Living Characters,,12-Oct,2012
